id,company,role,location,category,url,status,date_discovered,date_started,date_applied,last_updated,source,deadline,notes
APP-0001,Procter & Gamble,"Engineering Internship, Summer 2027",BOSTON GO & TECH CENTER,Engineering & Technical,https://www.pgcareers.com/uk/en/job/R000157841/Engineering-Internship-Summer-2027,Rejected,2026-09-21,2026-09-21,2026-09-21,2026-09-22,Browser,,Confirmed by Gmail: P&G Careers – Result of your Application (2026-09-22)
APP-0002,PIMCO,"2027 Summer Intern - Product Strategy Analyst, US",,Other,https://pimco.wd1.myworkdayjobs.com/en-US/pimco-careers/job/XMLNAME-2027-Summer-Intern---Product-Strategy-Analyst--US_R106626,Applied,2026-09-21,2026-09-21,2026-09-21,2026-09-21,Browser,,Confirmed by Gmail: Thank you for applying to PIMCO!
APP-0003,PIMCO,"2027 Summer Intern - Product Analyst, EMEA",EMEA,Product,,Applied,2026-09-21,,2026-09-21,2026-09-21,Gmail,,No later recruiting update found in Gmail as of 2026-09-21
APP-0004,Morgan Stanley,2027 Finance Summer Analyst Program,Hong Kong,Markets & Finance,https://morganstanley.tal.net/vx/lang-en-GB/mobile-0/brand-2/xf-65914e293040/candidate/so/pm/1/pl/1/opp/21331-2027-Finance-Summer-Analyst-Program-Hong-Kong/en-GB,Applied,2026-08-18,,2026-08-18,2026-09-21,Gmail,,No later recruiting update found in Gmail as of 2026-09-21
APP-0005,Morgan Stanley,2027 Institutional Equity Division Quantitative Finance Summer Analyst / Associate Program,Hong Kong,Quant & Trading,https://morganstanley.tal.net/vx/lang-en-GB/mobile-0/brand-2/xf-0b9edecd07d4/candidate/so/pm/1/pl/1/opp/21270-2027-Institutional-Equity-Division-Quantitative-Finance-Summer-Analyst-Associate-Program-Hong-Kong/en-GB,Assessment,2026-08-16,,2026-08-16,2026-09-30,Gmail,2026-10-04,Confirmed by Gmail: HackerRank assessment and HireVue virtual interview invitations received 2026-09-30; HireVue due 2026-10-04 and HackerRank due 2026-10-07
APP-0006,PineBridge Investments,Intern - Risk,,Markets & Finance,,Applied,2026-03-11,,2026-03-11,2026-09-21,Gmail,,No later recruiting update found in Gmail as of 2026-09-21
APP-0007,PineBridge Investments,Intern - Equities Fundamental,,Markets & Finance,,Applied,2026-03-11,,2026-03-11,2026-09-21,Gmail,,No later recruiting update found in Gmail as of 2026-09-21
APP-0008,PineBridge Investments,Intern - Fixed Income,Hong Kong,Markets & Finance,https://pinebridge.wd5.myworkdayjobs.com/en-US/PineBridge_Career_Site/job/Intern---Fixed-Income_R-02064,Applied,2026-03-11,,2026-03-11,2026-09-21,Gmail,,No later recruiting update found in Gmail as of 2026-09-21
APP-0009,Albourne,Private Markets Investment Due Diligence Intern,,Investing / VC / Hedge Funds,,Applied,2026-03-11,,2026-03-11,2026-09-21,Gmail,,No later recruiting update found in Gmail as of 2026-09-21
APP-0010,Citadel | Citadel Securities,Campus 26 - Asia Quantitative Research Analyst | Intern,Asia,Quant & Trading,,Applied,2026-02-20,,2026-02-20,2026-09-21,Gmail,,No later recruiting update found in Gmail as of 2026-09-21
APP-0012,American Express,"2027 Product Management, Global Commercial Services",NY,Other,https://careers.americanexpress.com/de/sites/CX_1/job/26011916/apply/section/1,Started,2026-09-22,2026-09-22,,2026-09-22,Browser,,
APP-0013,Coinbase,Associate Product Manager Intern,"San Francisco, CA",Other,https://job-boards.greenhouse.io/embed/job_app?token=8168322&for=coinbase,Started,2026-09-22,2026-09-22,,2026-09-22,Browser,,
APP-0014,SWIRE (APPLY JAN),Swire Summer internship programme,Hong Kong,Other,https://careers.swire.com/en/careers/swire-summer-internship-programme,Started,2026-09-23,2026-09-23,,2026-09-23,Browser,,
APP-0015,Roblox,[Summer 2027] Product Management Intern,San Mateo,Other,https://careers.roblox.com/jobs/8143981,Started,2026-09-23,2026-09-23,,2026-09-23,Browser,,
APP-0016,Simon-Kucher,Summer 2027 Intern - Americas Division [UG/Masters],NYC,Consulting,https://simon-kucher.csod.com/ux/ats/careersite/6/home/requisition/4261?c=simon-kucher&sq=summer%202027%20intern&utm_source=Trackr&utm_medium=tracker&utm_campaign=US_Finance_2027&source=Trackr,Applied,2026-10-03,2026-10-03,2026-10-03,2026-10-03,Browser,,Confirmed by Gmail: Thank you for your application to Simon-Kucher. (2026-10-03)
APP-0017,Oliver Wyman,Summer Internship 2027 - London,London,Consulting,,Applied,2026-10-03,,2026-10-03,2026-10-03,Gmail,,Confirmed by Gmail: Thank you for your application at Oliver Wyman (2026-10-03); requisition R_363389
APP-0018,OC&C Strategy Consultants,Associate Consultant Summer Internship 2027 (London Office),London,Consulting,,Applied,2026-10-03,,2026-10-03,2026-10-03,Gmail,,Confirmed by Gmail: Your OC&C Application - Associate Consultant Summer Internship 2027 (London Office) (2026-10-03)
APP-0019,L.E.K. Consulting,Summer DDA Associate - 2027,,Consulting,,Assessment,2026-10-03,,2026-10-03,2026-10-03,Gmail,,"Confirmed by Gmail on 2026-10-03. Required online assessment takes about 20–30 minutes and must be completed within 5 days of submitting the application, or by the close of the application period, whichever comes first."
APP-0020,Accenture,Entry Level Advisory Summer Analyst - Various Locations - NAELFY27,Nyc,,https://accenture.wd103.myworkdayjobs.com/AccentureCareers/job/Chicago-Accenture-Tower-Corp/Entry-Level-Advisory-Development-Program---Process-Excellence-Summer-Analyst---NAELFY27_R00354373/apply?source=acn_5,Started,2026-10-03,2026-10-03,,2026-10-03,Browser,,
